event,avg_velocity,totmiles,riskfactor
unsafe following distance,54,632604,6.323071003
lane departure,45,641824,3.116119146
overspeed,86,675334,4.442246437
overspeed,89.5,649327,7.700280666
overspeed,85,637069,10.98782063
overspeed,82.5,631133,6.337808609
unsafe tail distance,27,670601,7.455998421
unsafe tail distance,40,655656,9.151140213
unsafe following distance,68,684131,2.923416853
unsafe tail distance,63,668241,5.985864162
lane departure,48,640660,1.560890436
unsafe tail distance,54,665456,7.513645172
unsafe following distance,54,655680,4.575402737
overspeed,90,645273,7.74865818
unsafe following distance,48,645355,4.648604393
overspeed,85.66666667,651620,7.673183918
lane departure,24,672026,8.928225517
unsafe tail distance,53,652530,3.064993382
unsafe tail distance,48.66666667,631199,30.10144234
overspeed,88,638086,4.701560497
overspeed,86,653787,6.118200302
overspeed,84.5,654319,6.113225937
lane departure,24,644379,7.759408474
unsafe following distance,73,639663,6.253292561
lane departure,68,636786,6.281545162
unsafe following distance,43,650987,6.144515514
overspeed,77,658883,7.588600636
unsafe tail distance,15,638910,7.825828075
unsafe following distance,55,641824,3.116119146
unsafe following distance,50,631199,30.10144234
unsafe following distance,36,672026,8.928225517
unsafe following distance,43,631722,3.165949583
lane departure,45,639663,6.253292561
overspeed,88,655656,9.151140213
overspeed,91,627335,9.564268112
overspeed,89.33333333,631496,7.917706013
lane departure,55,658883,7.588600636
unsafe tail distance,53,668620,1.495617867
unsafe following distance,48.5,650337,3.075328588
unsafe following distance,53.66666667,663403,10.55165577
unsafe tail distance,16,628507,4.773216248
unsafe following distance,40,651620,7.673183918
lane departure,51.5,651036,7.680067062
overspeed,77,676750,4.432951927
lane departure,47,627335,9.564268112
lane departure,42.33333333,649314,4.620260715
unsafe following distance,43,652530,3.064993382
lane departure,57.5,663289,9.045830727
unsafe following distance,33,651036,7.680067062
lane departure,22,651620,7.673183918
lane departure,48,649645,7.696511745
overspeed,78,668241,5.985864162
overspeed,83,639584,9.381097794
unsafe tail distance,49,652599,7.661672592
overspeed,84,663821,4.519290447
lane departure,55,635947,7.862290859
unsafe following distance,33,654319,6.113225937
unsafe tail distance,45,672026,8.928225517
unsafe following distance,33,663289,9.045830727
lane departure,55,676574,11.82427979
unsafe following distance,32,637069,10.98782063
lane departure,74,626584,3.191910267
unsafe tail distance,18,663069,3.016277313
overspeed,91,684131,2.923416853
unsafe following distance,23,621790,4.824780464
lane departure,56.5,626253,4.790396214
unsafe following distance,59,652047,6.134527206
lane departure,55.66666667,632604,6.323071003
unsafe following distance,52.5,627335,9.564268112
unsafe following distance,37.5,652599,7.661672592
overspeed,95.5,672026,8.928225517
lane departure,55,634665,9.453805923
unsafe following distance,27.5,622764,8.028723717
lane departure,29.66666667,646020,6.191759109
overspeed,90.5,653030,7.656615734
unsafe following distance,21,634462,3.152276993
lane departure,53.5,663403,10.55165577
unsafe tail distance,28,631496,7.917706013
unsafe following distance,25.5,650497,6.14914465
overspeed,88,656474,9.139738083
overspeed,89.5,665456,7.513645172
unsafe tail distance,15,656474,9.139738083
unsafe tail distance,53,639584,9.381097794
unsafe tail distance,15,651036,7.680067062
unsafe following distance,38.5,648804,6.165189743
lane departure,64,640287,3.123599291
lane departure,45,675334,4.442246437
unsafe following distance,29.66666667,675377,7.403272152
unsafe tail distance,53,634665,9.453805923
unsafe tail distance,53,642920,7.777017117
overspeed,79,644379,7.759408474
unsafe following distance,62,640800,4.681648254
unsafe following distance,23,655093,1.526500821
lane departure,45.8,631199,30.10144234
unsafe tail distance,15,640233,7.809656143
overspeed,88,623836,3.205970764
unsafe tail distance,15,640069,10.93632126
unsafe tail distance,63,672089,5.951592922
unsafe following distance,54,638086,4.701560497
unsafe tail distance,53,653351,3.061141729
lane departure,41,645355,4.648604393
unsafe following distance,21,644254,7.760913849
unsafe following distance,47.66666667,618049,9.707968712
lane departure,24,668241,5.985864162
overspeed,78,653991,3.058146238
unsafe following distance,56,638910,7.825828075
lane departure,41,639584,9.381097794
unsafe following distance,59,665023,7.518537045
lane departure,24,653172,3.061980486
unsafe following distance,37,647934,4.630101204
unsafe following distance,23,676750,4.432951927
overspeed,91,652379,9.197108269
lane departure,48,654319,6.113225937
unsafe tail distance,15,645355,4.648604393
lane departure,44.5,647312,3.089700222
overspeed,90,636786,6.281545162
lane departure,45,631722,3.165949583
unsafe following distance,43,645273,7.74865818
lane departure,24,664543,1.504793525
unsafe tail distance,45,663403,10.55165577
unsafe following distance,37,655656,9.151140213
overspeed,88,640287,3.123599291
lane departure,74,665456,7.513645172
unsafe tail distance,15,637123,9.417333603
overspeed,78,645930,7.740776539
unsafe following distance,23,649327,7.700280666
lane departure,59,656474,9.139738083
lane departure,24,652599,7.661672592
unsafe tail distance,53,622764,8.028723717
unsafe following distance,61,627218,4.783025742
lane departure,74,653991,3.058146238
lane departure,42.5,665021,7.518559456
unsafe tail distance,45,665023,7.518537045
overspeed,89,675377,7.403272152
unsafe tail distance,53,640800,4.681648254
unsafe following distance,16,631133,6.337808609
overspeed,85.5,672089,5.951592922
overspeed,77,663289,9.045830727
lane departure,30.5,660413,6.056816101
unsafe following distance,37.5,670601,7.455998421
lane departure,45,638204,6.267588615
unsafe following distance,37,640069,10.93632126
unsafe tail distance,53,653787,6.118200302
lane departure,74,648414,4.626673698
unsafe following distance,38.5,638204,6.267588615
unsafe tail distance,28,644152,3.104857445
overspeed,81,652047,6.134527206
lane departure,48,640069,10.93632126
unsafe following distance,24,655671,4.575465679
lane departure,68,642222,15.57094002
overspeed,94,670601,7.455998421
unsafe following distance,54,640233,7.809656143
unsafe following distance,40,652417,1.532761931
lane departure,67.66666667,618049,9.707968712
unsafe following distance,23,648479,1.542070031
unsafe following distance,28,652452,4.598039627
overspeed,81,629558,9.530495644
unsafe following distance,43,634665,9.453805923
unsafe tail distance,15,644254,7.760913849
unsafe tail distance,15,623836,3.205970764
lane departure,45,631496,7.917706013
overspeed,91,676574,11.82427979
overspeed,86.75,637123,9.417333603
overspeed,85,649645,7.696511745
overspeed,89,652452,4.598039627
lane departure,55,645930,7.740776539
overspeed,88,638626,1.565861702
lane departure,68,649327,7.700280666
overspeed,77.4,631199,30.10144234
lane departure,24,638086,4.701560497
lane departure,39,637123,9.417333603
unsafe following distance,43.75,629558,9.530495644
unsafe following distance,55,652379,9.197108269
unsafe tail distance,46,649645,7.696511745
lane departure,46.5,637069,10.98782063
overspeed,94,621790,4.824780464
unsafe following distance,33,653030,7.656615734
overspeed,88,639663,6.253292561
lane departure,46.66666667,665023,7.518537045
lane departure,41,653787,6.118200302
unsafe tail distance,63,649327,7.700280666
lane departure,48,663821,4.519290447
overspeed,81,627218,4.783025742
unsafe following distance,56.5,681115,5.872723103
unsafe following distance,42.2,642222,15.57094002
lane departure,64.5,655656,9.151140213
unsafe following distance,23,660413,6.056816101
unsafe tail distance,53,634338,1.576446652
lane departure,55,629558,9.530495644
lane departure,41,653030,7.656615734
unsafe tail distance,15,639663,6.253292561
lane departure,57.33333333,640233,7.809656143
unsafe following distance,29.5,644379,7.759408474
overspeed,88,663403,10.55165577
unsafe following distance,62,629256,4.767534733
overspeed,83.5,648414,4.626673698
lane departure,54,644254,7.760913849
overspeed,78,634665,9.453805923
lane departure,24,634462,3.152276993
lane departure,41,655671,4.575465679
unsafe tail distance,40.5,636786,6.281545162
lane departure,27.5,629256,4.767534733
lane departure,50.25,652379,9.197108269
overspeed,91,646020,6.191759109
unsafe tail distance,53,631133,6.337808609
overspeed,86,622764,8.028723717
unsafe tail distance,28,638204,6.267588615
overspeed,94,650497,6.14914465
unsafe tail distance,31,645930,7.740776539
lane departure,57.5,648804,6.165189743
lane departure,74,655680,4.575402737
unsafe following distance,21,644152,3.104857445
overspeed,77,643126,3.109810352
unsafe tail distance,28,681115,5.872723103
lane departure,71,638910,7.825828075
unsafe tail distance,33,676574,11.82427979
overspeed,90,640800,4.681648254
unsafe following distance,40,653172,3.061980486
lane departure,49.33333333,642920,7.777017117
unsafe tail distance,28,650497,6.14914465
overspeed,86.33333333,642222,15.57094002
lane departure,48,670601,7.455998421
unsafe tail distance,15,637069,10.98782063
lane departure,31,663069,3.016277313
unsafe following distance,23,658913,1.517651081
overspeed,78,653351,3.061141729
unsafe following distance,43.5,635947,7.862290859
overspeed,81,626253,4.790396214
lane departure,48,676750,4.432951927
overspeed,77,647934,4.630101204
lane departure,45,621790,4.824780464
unsafe following distance,35,658883,7.588600636
lane departure,55,650987,6.144515514
unsafe following distance,28,626584,3.191910267
lane departure,55,652452,4.598039627
unsafe tail distance,63,660413,6.056816101
lane departure,45,627218,4.783025742
unsafe following distance,31,639584,9.381097794
unsafe following distance,54,649645,7.696511745
unsafe tail distance,46,644379,7.759408474
unsafe following distance,51,665021,7.518559456
lane departure,41,681115,5.872723103
unsafe tail distance,46,643126,3.109810352
lane departure,39,675377,7.403272152
overspeed,85,640069,10.93632126
unsafe tail distance,45,665021,7.518559456
unsafe following distance,28,672089,5.951592922
overspeed,78,642144,3.114566088
lane departure,56.5,652047,6.134527206
unsafe following distance,54,668241,5.985864162
unsafe following distance,30,676574,11.82427979
unsafe tail distance,39,635947,7.862290859
lane departure,49,628507,4.773216248
lane departure,68,645273,7.74865818
